{"loss": [2.2207694053649902, 1.6462453603744507, 1.3530796766281128, 1.1790310144424438, 1.0551447868347168, 0.9832975268363953, 0.915795624256134, 0.8689428567886353, 0.8308914303779602, 0.8005426526069641, 0.7677621841430664, 0.7487440705299377, 0.7279633283615112, 0.7105212211608887, 0.6924241781234741, 0.6767876744270325, 0.6613884568214417, 0.6500860452651978, 0.6381983757019043, 0.6322941184043884, 0.6170036792755127, 0.6128084063529968, 0.6008123159408569, 0.5955389738082886, 0.5904823541641235, 0.5827662944793701, 0.5752615332603455, 0.5643028020858765, 0.5586182475090027, 0.5540770888328552, 0.5474225282669067, 0.5411770939826965, 0.534529983997345, 0.5318498611450195, 0.5275905728340149, 0.5178899765014648, 0.5149926543235779, 0.5090358853340149, 0.500507116317749, 0.5048684477806091, 0.4948118329048157, 0.4873526096343994, 0.4904818534851074, 0.48054203391075134, 0.47495123744010925, 0.4733569920063019, 0.46323925256729126, 0.4655478596687317, 0.4577960669994354, 0.44881001114845276, 0.44417035579681396, 0.4381026327610016, 0.43501248955726624, 0.43059399724006653, 0.422848105430603, 0.41520029306411743, 0.4122025966644287, 0.406692773103714, 0.4025953710079193, 0.39455029368400574, 0.3869559168815613, 0.38043779134750366, 0.3833865523338318, 0.37620124220848083, 0.3643094003200531, 0.36735349893569946, 0.35439345240592957, 0.3553573787212372, 0.3465891182422638, 0.33511796593666077, 0.3280590772628784, 0.3243643045425415, 0.32154297828674316, 0.31491395831108093, 0.30688929557800293, 0.2999500334262848, 0.2985938787460327, 0.2802239656448364, 0.2797655165195465, 0.2708768844604492, 0.26599985361099243, 0.2585872709751129, 0.2513764798641205, 0.24295026063919067, 0.23530656099319458, 0.22919553518295288, 0.2253531962633133, 0.21668747067451477, 0.2118333876132965, 0.2026619166135788, 0.19999831914901733, 0.1947343945503235, 0.1874554306268692, 0.18202441930770874, 0.17939616739749908, 0.1752808690071106, 0.17275011539459229, 0.17059607803821564, 0.16959510743618011, 0.16878807544708252], "accuracy": [0.40333253145217896, 0.5889677405357361, 0.6851740479469299, 0.7387712597846985, 0.7726379632949829, 0.7927494645118713, 0.8113570809364319, 0.8204002380371094, 0.831308126449585, 0.8373836874961853, 0.8469482064247131, 0.8510186076164246, 0.8549486398696899, 0.8582571148872375, 0.8636308908462524, 0.8693655729293823, 0.8719121217727661, 0.8743383288383484, 0.8776668310165405, 0.8772858381271362, 0.8837825059890747, 0.8846045732498169, 0.8872513771057129, 0.8895973563194275, 0.8903993964195251, 0.8915022611618042, 0.893808126449585, 0.8971968293190002, 0.8994425535202026, 0.9010667204856873, 0.902149498462677, 0.9046358466148376, 0.9069617986679077, 0.906841516494751, 0.9090872406959534, 0.9114533066749573, 0.9103906154632568, 0.9145612716674805, 0.9163458347320557, 0.9150625467300415, 0.9194537997245789, 0.9208974838256836, 0.9199751615524292, 0.9225817918777466, 0.9223612546920776, 0.9235643148422241, 0.9267123937606812, 0.9261710047721863, 0.9279355406761169, 0.9305822849273682, 0.9325272440910339, 0.9334696531295776, 0.9335298538208008, 0.9359159469604492, 0.9387431740760803, 0.9393647909164429, 0.9400465488433838, 0.9409488439559937, 0.9420516490936279, 0.9447786211967468, 0.9477663040161133, 0.9482274651527405, 0.9469842910766602, 0.9492501020431519, 0.952939510345459, 0.9516763091087341, 0.9552053213119507, 0.9539421200752258, 0.9569898843765259, 0.9591955542564392, 0.9606993794441223, 0.9617821574211121, 0.9623636603355408, 0.9636068344116211, 0.96633380651474, 0.9672160744667053, 0.9669955372810364, 0.9726901054382324, 0.9717276096343994, 0.9742741584777832, 0.9756175875663757, 0.9768006205558777, 0.9786252975463867, 0.9813923835754395, 0.982735812664032, 0.9847008585929871, 0.9846807718276978, 0.9870468378067017, 0.9880293607711792, 0.9908967018127441, 0.9906560778617859, 0.9918391108512878, 0.9941450357437134, 0.9955887198448181, 0.9952879548072815, 0.9967115521430969, 0.9971326589584351, 0.9975537657737732, 0.9976740479469299, 0.9975938200950623], "val_loss": [1.9977896213531494, 1.7732441425323486, 1.3324100971221924, 1.2254517078399658, 1.21486496925354, 1.074113368988037, 0.9876366257667542, 1.1308990716934204, 0.8928529024124146, 0.9775386452674866, 1.0044152736663818, 1.038159728050232, 0.9383842945098877, 0.8263291120529175, 0.8483736515045166, 0.7848807573318481, 0.7063082456588745, 0.842850387096405, 0.7929447293281555, 0.8027312159538269, 0.7574731111526489, 0.7710272669792175, 0.7306181788444519, 0.7103908061981201, 0.7081432938575745, 0.7347559928894043, 0.7805710434913635, 0.7424231767654419, 0.6324041485786438, 0.7922073602676392, 0.6650329828262329, 0.7234542369842529, 0.7193542122840881, 0.7781181931495667, 0.6358985304832458, 0.6576628684997559, 0.6144245266914368, 0.6916526556015015, 0.6596598625183105, 0.6409914493560791, 0.6819788813591003, 0.6667277216911316, 0.6548908948898315, 0.635067343711853, 0.7041541934013367, 0.6399145126342773, 0.688284695148468, 0.6895871758460999, 0.6171064376831055, 0.6464224457740784, 0.6143872141838074, 0.6869016885757446, 0.6124746799468994, 0.6272569894790649, 0.5778967142105103, 0.5990049242973328, 0.6194226741790771, 0.6379215121269226, 0.6210045218467712, 0.6339455246925354, 0.5868146419525146, 0.6018552780151367, 0.5703101754188538, 0.597660481929779, 0.5466070175170898, 0.5630552768707275, 0.5708906054496765, 0.5800723433494568, 0.5559828877449036, 0.5221261382102966, 0.5894747376441956, 0.5348520874977112, 0.6250898241996765, 0.5542858242988586, 0.5167682766914368, 0.5229357481002808, 0.5031927824020386, 0.5707940459251404, 0.5252957344055176, 0.5305362939834595, 0.5155344605445862, 0.4962218403816223, 0.49362948536872864, 0.49753236770629883, 0.4988792836666107, 0.5115885734558105, 0.46755003929138184, 0.46795952320098877, 0.47138628363609314, 0.4613603949546814, 0.4622265696525574, 0.44930416345596313, 0.4590836465358734, 0.44501766562461853, 0.4328256845474243, 0.44322866201400757, 0.4361358880996704, 0.42888081073760986, 0.4289490282535553, 0.43154022097587585],