{"loss": [1.6352447271347046, 1.1875206232070923, 1.0041284561157227], "accuracy": [0.45333999395370483, 0.5909600257873535, 0.6534600257873535], "val_loss": [1.2089521884918213, 0.955271303653717, 0.9572209119796753], "val_accuracy": [0.578000009059906, 0.6675999760627747, 0.6628000140190125]}