{"loss": [1.6288779973983765, 1.1582456827163696, 0.9952141642570496, 0.8731555342674255], "accuracy": [0.45386001467704773, 0.6000199913978577, 0.6532999873161316, 0.696340024471283], "val_loss": [1.209425449371338, 1.0883784294128418, 0.8568161129951477, 0.7824235558509827], "val_accuracy": [0.5813000202178955, 0.6211000084877014, 0.7038999795913696, 0.7332000136375427]}