{"loss": [5.52028226852417, 4.506190776824951, 4.149685859680176, 3.9443552494049072, 3.7945685386657715, 3.6758251190185547, 3.581406593322754, 3.507512331008911, 3.43757963180542, 3.3820223808288574, 3.3274106979370117, 3.2827866077423096, 3.244267463684082, 3.2117815017700195, 3.185086727142334, 3.1610019207000732, 3.1434428691864014, 3.116969585418701, 3.1032142639160156, 3.0824549198150635, 3.0659077167510986, 3.0537986755371094, 3.034350872039795, 3.0254955291748047, 3.0134568214416504, 3.0068166255950928, 2.9981496334075928, 2.9889132976531982, 2.9706990718841553, 2.9677014350891113, 2.9678921699523926, 2.9552359580993652, 2.9513466358184814, 2.9461874961853027, 2.939514636993408, 2.9309332370758057, 2.928210496902466, 2.9197845458984375, 2.920813798904419, 2.904437303543091], "accuracy": [0.055265381932258606, 0.12125289440155029, 0.16800835728645325, 0.20360033214092255, 0.23620130121707916, 0.25899529457092285, 0.2777530550956726, 0.29602161049842834, 0.314445823431015, 0.32714375853538513, 0.33923012018203735, 0.35130536556243896, 0.35926657915115356, 0.36866214871406555, 0.3768346309661865, 0.38121554255485535, 0.3876645565032959, 0.39304617047309875, 0.39712685346603394, 0.40367594361305237, 0.40680038928985596, 0.41137030720710754, 0.4165295362472534, 0.4200320243835449, 0.4220223128795624, 0.4262920320034027, 0.42695915699005127, 0.42801547050476074, 0.43427547812461853, 0.4354763329029083, 0.43915674090385437, 0.4397682845592499, 0.441836416721344, 0.444227010011673, 0.4467843770980835, 0.4488191604614258, 0.44939735531806946, 0.45118752121925354, 0.45096513628959656, 0.4534224271774292], "val_loss": [5.252999782562256, 4.844371795654297, 4.809343338012695, 4.670997619628906, 4.714306354522705, 4.831910133361816, 4.100660800933838, 4.432528018951416, 4.173313140869141, 4.077633857727051, 3.709073305130005, 3.7907073497772217, 3.919769287109375, 3.9731242656707764, 3.822328567504883, 3.7292320728302, 3.758819580078125, 3.6888427734375, 3.7100963592529297, 3.5727741718292236, 3.5148518085479736, 3.7117695808410645, 3.476612091064453, 4.557366847991943, 4.204216957092285, 3.4573633670806885, 3.3743767738342285, 3.601053476333618, 3.746511697769165, 3.6079375743865967, 3.479715585708618, 3.6576664447784424, 3.651738405227661, 3.917240619659424, 3.695791721343994, 3.6269733905792236, 3.749544858932495, 3.7583906650543213, 3.711658239364624, 3.708805561065674], "val_accuracy": [0.07061298191547394, 0.10086137801408768, 0.11338140815496445, 0.13070914149284363, 0.14623397588729858, 0.14292868971824646, 0.19991986453533173, 0.18038861453533173, 0.21925079822540283, 0.23557692766189575, 0.27483972907066345, 0.27554085850715637, 0.26141828298568726, 0.26312097907066345, 0.27944710850715637, 0.30348557233810425, 0.29507210850715637, 0.3063902258872986, 0.3092948794364929, 0.32782453298568726, 0.34084534645080566, 0.3070913553237915, 0.34645432233810425, 0.23227164149284363, 0.26702722907066345, 0.35366585850715637, 0.36338141560554504, 0.33303284645080566, 0.3102964758872986, 0.3387419879436493, 0.3604767620563507, 0.3394431173801422, 0.3446514308452606, 0.29847756028175354, 0.3331330120563507, 0.3485576808452606, 0.3277243673801422, 0.3318309187889099, 0.33393430709838867, 0.33363381028175354]}