{"loss": [5.532725811004639], "accuracy": [0.05279827490448952], "val_loss": [5.012161731719971], "val_accuracy": [0.07071314007043839]}