{"R": 125.27818817520142, "G": 116.32655005340577, "B": 106.53086020355225}